{
  "format_version": "1.10.0",
  "minecraft:client_entity": {
    "description": {
      "identifier": "villain:sandman",
      "materials": {
        "default": "entity_alphatest"
      },
      "textures": {
        "default": "textures/entity/villains/sandman"
      },
      "geometry": {
        "default": "geometry.player"
      },
      "animations": {
        "look_at_target": "animation.common.look_at_target",
        "move": "animation.p.moving",
        "entity": "controller.animation.entity"
      },
      "scripts": {
        "animate": [
          "entity"
        ]
      },
      "render_controllers": [
        "controller.render.mob"
      ],
      "spawn_egg": {
        "texture": "spawn_egg_sandman"
      }
    }
  }
}