{
  "format_version": "1.10.0",
  "minecraft:entity": {
    "description": {
      "identifier": "spiderman:web",
      "is_spawnable": false,
      "is_summonable": true,
      "is_experimental": false,
      "runtime_identifier": "minecraft:snowball",
      "scripts": {
        "animate": [
		  "entity_web"
        ]
      },
      "animations": {
	    "entity_web": "controller.animation.entity_web"
      }
    },
    "components": {
      "minecraft:type_family": {
        "family": [ "spiderman" ]
      },
      "minecraft:collision_box": {
        "width": 0.25,
        "height": 0.25
      },
      "minecraft:projectile": {
        "onHit": {
          "impact_damage": {
            "damage": 2,
            "knockback": false
          },
          "spawn_chance": {
            "first_spawn_percent_chance": 100.0,
            "first_spawn_count": 1,
            "spawn_definition": "spiderman:web_set"
          },
          "remove_on_hit": {
          }
        },
        "power": 1.5,
        "gravity": 0.03,
        "angleoffset": 0.0
      },
      "minecraft:physics": {}
    }
  }
}