{
    "format_version": "1.16",
    "minecraft:recipe_shaped": {
        "description": {
            "identifier": "spiderman:classic"
        },
        "tags": [
            "crafting_table"
        ],
        "pattern": [
            "RRR",
            "BRB",
            "BRB"
        ],
        "key": {
            "R": {
                "item": "minecraft:red_dye"
            },
           "B": {
                "item": "minecraft:blue_dye"
               
            }
        },
        "result": {
            "item": "spiderman:classic",
            "count": 1
        }
    }
}