{
  "format_version": "1.10.0",
  "animation_controllers": 
{
"controller.animation.spiderman_classic": {
"initial_state": "default",
"states": {
"default": {
"transitions": [
{
"spiderman_classic": "query.is_using_item && query.get_equipped_item_name('main_hand') == 'classic'"
}
]
},
"spiderman_classic": {
"transitions": [
{
"default": "query.is_using_item && query.get_equipped_item_name('main_hand') == 'classic'"
}
],
"on_entry": [
"/function spiderman/classic"
]
}
}
},
"controller.animation.spiderman_venom": {
"initial_state": "default",
"states": {
"default": {
"transitions": [
{
"spiderman_venom": "query.is_using_item && query.get_equipped_item_name('main_hand') == 'venom'"
}
]
},
"spiderman_venom": {
"transitions": [
{
"default": "query.is_using_item && query.get_equipped_item_name('main_hand') == 'venom'"
}
],
"on_entry": [
"/function spiderman/venom"
]
}
}
}
}
}