{
  "format_version": "1.8.0",
  "render_controllers": {

    "controller.render.player.first_person": {
      "geometry": "Geometry.default",
      "materials": [ { "*": "Material.default" } ],
      "textures": [ "Texture.default" ],
      "part_visibility": [
        { "*": true },
        { "rightArm": "query.variant <= 0 && query.get_equipped_item_name(0, 1) == '' || query.get_equipped_item_name(0, 1) == 'map'" },
        { "rightSleeve": "query.variant <= 0 && query.get_equipped_item_name(0, 1) == '' || query.get_equipped_item_name(0, 1) == 'map'" },
        { "leftArm": "(query.get_equipped_item_name(0, 1) == 'map' && query.get_equipped_item_name('off_hand') != 'shield') || (query.get_equipped_item_name('off_hand') == 'map' && !query.item_is_charged) || (!query.item_is_charged && (variable.item_use_normalized > 0 && variable.item_use_normalized < 1.0))" },
        { "leftSleeve": "(query.get_equipped_item_name(0, 1) == 'map' && query.get_equipped_item_name('off_hand') != 'shield') || (query.get_equipped_item_name('off_hand') == 'map' && !query.item_is_charged) || (!query.item_is_charged && (variable.item_use_normalized > 0 && variable.item_use_normalized < 1.0))" },
        { "body": false },
        { "jacket": false },
        { "head": false },
        { "hat": false }
      ]
    },
    "controller.render.player.third_person": {
      "geometry": "Geometry.default",
      "materials": [ { "*": "Material.default" } ],
      "textures": [ "Texture.default" ],
      "part_visibility": [
        { "*": true },
        { "helmet": "query.variant <= 0" },
        { "leftLegging": "query.variant <= 0" },
        { "rightLegging": "query.variant <= 0" },
        { "leftBoot": "query.variant <= 0" },
        { "rightBoot": "query.variant <= 0" },
        { "leftSock": "query.variant <= 0" },
        { "rightSock": "query.variant <= 0" },
        { "bodyArmor": "query.variant <= 0" },
        { "leftArmArmor": "query.variant <= 0" },
        { "rightArmArmor": "query.variant <= 0" },
        { "belt": "query.variant <= 0" },
        { "rightLeg": "query.variant <= 0" },
        { "leftLeg": "query.variant <= 0" },
        { "rightArm": "query.variant <= 0" },
        { "leftArm": "query.variant <= 0" },
        { "head": "query.variant <= 0" },
        { "body": "query.variant <= 0" },
        { "hat": "query.variant <= 0" },
        { "rightPants": "query.variant <= 0" },
        { "leftPants": "query.variant <= 0" },
        { "rightSleeve": "query.variant <= 0" },
        { "leftSleeve": "query.variant <= 0" },
        { "jacket": "query.variant <= 0" }
      ]
    },

    "controller.render.player.spiderman_classic.third_person": {
      "geometry": "Geometry.default",
      "materials": [ { "*": "Material.default" } ],
      "textures": [ "Texture.spiderman_classic" ],
      "part_visibility": [
        { "*": false },
        { "helmet": "query.variant == 1" },
        { "leftLegging": "query.variant == 1" },
        { "rightLegging": "query.variant == 1" },
        { "leftBoot": "query.variant == 1" },
        { "rightBoot": "query.variant == 1" },
        { "leftSock": "query.variant == 1" },
        { "rightSock": "query.variant == 1" },
        { "bodyArmor": "query.variant == 1" },
        { "leftArmArmor": "query.variant == 1" },
        { "rightArmArmor": "query.variant == 1" },
        { "belt": "query.variant == 1" },
        { "rightLeg": "query.variant == 1" },
        { "leftLeg": "query.variant == 1" },
        { "rightArm": "query.variant == 1" },
        { "leftArm": "query.variant == 1" },
        { "head": "query.variant == 1" },
        { "hat": "query.variant == 1" },
        { "body": "query.variant == 1" },
        { "hat": "query.variant == 1" },
        { "rightPants": "query.variant == 1" },
        { "leftPants": "query.variant == 1" },
        { "rightSleeve": "query.variant == 1" },
        { "leftSleeve": "query.variant == 1" },
        { "jacket": "query.variant == 1" }
      ]
    },
    "controller.render.player.spiderman_classic": {
      "geometry": "Geometry.default",
      "materials": [ { "*": "Material.default" } ],
      "textures": [ "Texture.spiderman_classic" ],
      "part_visibility": [
        { "*": true },
        { "rightArm": "query.variant == 1 && query.get_equipped_item_name(0, 1) == '' || query.get_equipped_item_name(0, 1) == 'map'" },
        { "rightSleeve": "query.variant == 1 && query.get_equipped_item_name(0, 1) == '' || query.get_equipped_item_name(0, 1) == 'map'" },
        { "body": false },
        { "jacket": false },
        { "head": false },
        { "hat": false }
      ]
    },

    "controller.render.player.spiderman_venom.third_person": {
      "geometry": "Geometry.default",
      "materials": [ { "*": "Material.default" } ],
      "textures": [ "Texture.spiderman_venom" ],
      "part_visibility": [
        { "*": false },
        { "helmet": "query.variant == 2" },
        { "leftLegging": "query.variant == 2" },
        { "rightLegging": "query.variant == 2" },
        { "leftBoot": "query.variant == 2" },
        { "rightBoot": "query.variant == 2" },
        { "leftSock": "query.variant == 2" },
        { "rightSock": "query.variant == 2" },
        { "bodyArmor": "query.variant == 2" },
        { "leftArmArmor": "query.variant == 2" },
        { "rightArmArmor": "query.variant == 2" },
        { "belt": "query.variant == 2" },
        { "rightLeg": "query.variant == 2" },
        { "leftLeg": "query.variant == 2" },
        { "rightArm": "query.variant == 2" },
        { "leftArm": "query.variant == 2" },
        { "head": "query.variant == 2" },
        { "hat": "query.variant == 2" },
        { "body": "query.variant == 2" },
        { "hat": "query.variant == 2" },
        { "rightPants": "query.variant == 2" },
        { "leftPants": "query.variant == 2" },
        { "rightSleeve": "query.variant == 2" },
        { "leftSleeve": "query.variant == 2" },
        { "jacket": "query.variant == 2" }
      ]
    },
    "controller.render.player.spiderman_venom": {
      "geometry": "Geometry.default",
      "materials": [ { "*": "Material.default" } ],
      "textures": [ "Texture.spiderman_venom" ],
      "part_visibility": [
        { "*": true },
        { "rightArm": "query.variant == 2 && query.get_equipped_item_name(0, 1) == '' || query.get_equipped_item_name(0, 1) == 'map'" },
        { "rightSleeve": "query.variant == 2 && query.get_equipped_item_name(0, 1) == '' || query.get_equipped_item_name(0, 1) == 'map'" },
        { "body": false },
        { "jacket": false },
        { "head": false },
        { "hat": false }
      ]
    },

    "controller.render.player.venom.third_person": {
      "geometry": "Geometry.venom",
      "materials": [ { "*": "Material.default" } ],
      "textures": [ "Texture.venom" ],
      "part_visibility": [
        { "*": false },
        { "helmet": "query.variant == 3" },
        { "leftLegging": "query.variant == 3" },
        { "rightLegging": "query.variant == 3" },
        { "leftBoot": "query.variant == 3" },
        { "rightBoot": "query.variant == 3" },
        { "leftSock": "query.variant == 3" },
        { "rightSock": "query.variant == 3" },
        { "bodyArmor": "query.variant == 3" },
        { "leftArmArmor": "query.variant == 3" },
        { "rightArmArmor": "query.variant == 3" },
        { "belt": "query.variant == 3" },
        { "rightLeg": "query.variant == 3" },
        { "leftLeg": "query.variant == 3" },
        { "rightArm": "query.variant == 3" },
        { "leftArm": "query.variant == 3" },
        { "head": "query.variant == 3" },
        { "hat": "query.variant == 3" },
        { "body": "query.variant == 3" },
        { "hat": "query.variant == 3" },
        { "rightPants": "query.variant == 3" },
        { "leftPants": "query.variant == 3" },
        { "rightSleeve": "query.variant == 3" },
        { "leftSleeve": "query.variant == 3" },
        { "jacket": "query.variant == 3" }
      ]
    },
    "controller.render.player.venom": {
      "geometry": "Geometry.venom",
      "materials": [ { "*": "Material.default" } ],
      "textures": [ "Texture.venom" ],
      "part_visibility": [
        { "*": true },
        { "rightArm": "query.variant == 3 && query.get_equipped_item_name(0, 1) == '' || query.get_equipped_item_name(0, 1) == 'map'" },
        { "rightSleeve": "query.variant == 3 && query.get_equipped_item_name(0, 1) == '' || query.get_equipped_item_name(0, 1) == 'map'" },
        { "body": false },
        { "jacket": false },
        { "head": false },
        { "hat": false }
      ]
    }

  }
}
