{
   "resource_pack_name":"vanilla",
   "texture_name":"atlas.items",
   "texture_data":{
      "spiderman_classic":{
         "textures":"textures/items/spiderman/classic"
      },
      "remover":{
         "textures":"textures/items/remover"
      },
      "spawn_egg_sandman":{
         "textures":"textures/items/spawn_eggs/spawn_egg_sandman"
      },
      "spawn_egg_sandmanfull":{
         "textures":"textures/items/spawn_eggs/spawn_egg_sandmanfull"
      },
      "spawn_egg_venom":{
         "textures":"textures/items/spawn_eggs/spawn_egg_venom"
      },
      "spiderman_venom":{
         "textures":"textures/items/spiderman/venom"
      },
      "web_shooter":{
         "textures":"textures/items/spiderman/web_shooter"
      }
   }
}