{
	"format_version": "1.8.0",
	"animations": {
		"animation.p.moving": {
			"loop": true,
			"animation_length": 1,
			"bones": {
				"rightleg": {
					"rotation": {
						"0.0": [30, 0, 0],
						"0.4167": [-30, 0, 0],
						"0.8333": [30, 0, 0]
					}
				},
				"leftleg": {
					"rotation": {
						"0.0": [-30, 0, 0],
						"0.4167": [30, 0, 0],
						"0.8333": [-30, 0, 0]
					}
				},
				"leftarm": {
					"rotation": {
						"0.0": [25, 0, 0],
						"0.5": [-25, 0, 0],
						"1.0": [25, 0, 0]
					}
				},
				"rightarm": {
					"rotation": {
						"0.0": [-25, 0, 0],
						"0.5": [25, 0, 0],
						"1.0": [-25, 0, 0]
					}
				}
			}
		}
	}
}