{
	"format_version": "1.8.0",
	"animations": {
		"animation.player.swing": {
			"loop": true,
			"bones": {
				"head": {
					"rotation": [-5, 0, 0]
				},
				"body": {
					"rotation": [27.5, 0, 0],
					"position": [0, 1, 0]
				},
				"rightleg": {
					"rotation": [40, -22.5, 0],
					"position": [0, 3, 5]
				},
				"leftleg": {
					"rotation": [40, 20, 0],
					"position": [0, 3, 5]
				},
				"leftarm": {
					"rotation": [-107.5, 15, 0],
					"position": [-1, 0, 0]
				},
				"rightarm": {
					"rotation": [-107.5, -12.5, 0],
					"position": [1, 0, 0]
				}
			}
		}
	}
}